# 1.16.2 VA	1.17 VA	verdict	ratio	insns compared	how it was mapped	entry	extent
# Written by scripts/verify-rva-map-1170.py --tsv, which TRUNCATES this file and
# writes only what that run verified. Rows it did not produce are carried forward
# verbatim under '# CARRIED FORWARD' at the foot and named on stderr, so a narrow
# run cannot quietly delete a hand-derived pair -- but a row still leaves the
# moment someone deletes its line, and nothing restores it.
# This is the verdict table over rva-map-1162-to-1170.needed.tsv, which is itself
# regenerated wholesale from functions.tsv. A pair derived by hand belongs in
# rva-map-1162-to-1170.verified.tsv, the curated ledger, not in either of these.
#
# A verdict is evidence, not permission: IDENTICAL means the normalised
# instruction sequences agree, which cannot see a change in what a called
# function does.
#
# IDENTICAL vs IDENTICAL-WHOLE/IDENTICAL-LEAF is the difference between a PREFIX
# and an EXHAUSTIVE comparison. IDENTICAL stopped somewhere -- at a `ret`, at the
# instruction limit -- and says nothing about the instruction after it, which is
# why er-game-base/build.rs holds it to MIN_VERIFIED_INSNS. The other two covered
# every instruction of both bodies and found them the same length, so there is no
# next instruction to be unsure about and no floor to impose. IDENTICAL-LEAF is
# the same claim where the end had to be DECODED because neither image declares a
# .pdata entry; it additionally carries the relocation check .pdata would have
# stood in for. IDENTICAL-PREFIX is what a truncated comparison says instead of
# lying: streams matched, coverage unknown, nothing accepts it.
#
# IDENTICAL-LEAF-NOPATCH is an IDENTICAL-LEAF that cannot be hooked: same whole-
# body proof, same decoded extents, same relocation check -- and the body is
# shorter than the five bytes MinHook writes, with MinHook's own ported rules
# refusing the site in both images. er-game-base/build.rs admits it to
# VERIFIED_1162_TO_1170 (CALL and READ) and to NOTHING else. It exists because
# those two decisions used to be one: a three-byte getter was reported
# IDENTICAL-SHORT, which withdrew it from comparing as well as from hooking.
#
# PATCH-SITE-IDENTICAL is none of those: the two bodies DIFFER, and the
# difference is nowhere near the detour. Both images' .pdata declare a function
# starting at the pair, the comparison covered both bodies in full, MinHook's own
# trampoline walk (ported from vendor/minhook) succeeds at both and consumes the
# same instructions, and every differing instruction lies strictly after the last
# one it relocates -- so the patch overwrites the same prologue and the trampoline
# returns into the same instruction. The difference is additionally capped at a
# localised edit, and any substituted instruction refuses it outright. Re-run
# `verify-rva-map-1170.py <va>` on such a row to see the hunks and the window.
#
# The entry column is the OTHER half of a detour's licence: whether each image's own
# .pdata declares a function to start at that address. er-game-base/build.rs
# requires BOTH-ENTRIES before a row may carry a detour, because IDENTICAL over a
# body says the code is the same and says nothing about whether MinHook may
# relocate the five bytes it is about to overwrite.
#
# The extent column shows where each body's end came from and, when the two
# disagree, by how much: PDATA:0x120b/0x1213+8 is a body that GREW, which is
# evidence of a change that costs no decoding to see.
0x140116c70	0x140116c70	IDENTICAL-WHOLE	1.000	88	DLSTRING_WCHAR_SUBSTR_RVA	BOTH-ENTRIES	PDATA:0x141/0x141
0x140117910	0x140117910	BYTE-IDENTICAL	1.000	120	DL_STRING_COPY_RVA	BOTH-ENTRIES	PDATA:0x78/0x78
0x14011a360	0x14011a360	IDENTICAL-WHOLE	1.000	47	DL_STRING_FROM_U16_ARRAY_RVA	BOTH-ENTRIES	PDATA:0xad/0xad
0x1401efc00	0x1401efc00	IDENTICAL-WHOLE	1.000	146	MOUNT_EBL_ARCHIVE_RVA	BOTH-ENTRIES	PDATA:0x235/0x235
0x14021bbf0	0x14021bbf0	IDENTICAL-WHOLE	1.000	82	MSB_FILECAP_PARSE_CALLBACK_RVA	BOTH-ENTRIES	PDATA:0x158/0x158
0x14023d990	0x14023d990	BYTE-IDENTICAL	1.000	143	SHOULD_REPLENISH_ITEM_RVA	BOTH-ENTRIES	PDATA:0x8f/0x8f
0x14023dd80	0x14023dd80	BYTE-IDENTICAL	1.000	151	SET_STATE_RVA	BOTH-ENTRIES	PDATA:0x97/0x97
0x140240e70	0x140240e70	IDENTICAL-WHOLE	1.000	195	BUILDER_A_RVA	BOTH-ENTRIES	PDATA:0x2b2/0x2b2
0x140241130	0x140241130	IDENTICAL-WHOLE	1.000	195	BUILDER_B_RVA	BOTH-ENTRIES	PDATA:0x2b2/0x2b2
0x1402413f0	0x1402413f0	IDENTICAL-WHOLE	1.000	51	CS_INGAME_PAD_ACCESSOR_RVA	BOTH-ENTRIES	PDATA:0xaf/0xaf
0x140245c00	0x140245c00	IDENTICAL-WHOLE	1.000	58	CHR_ASM_COPY_RVA	BOTH-ENTRIES	PDATA:0xdc/0xdc
0x140246480	0x140246480	IDENTICAL-WHOLE	1.000	236	ADD_INVENTORY_EQUIP_RVA	BOTH-ENTRIES	PDATA:0x3b3/0x3b3
0x140246840	0x140246840	IDENTICAL-WHOLE	1.000	42	ADD_INVENTORY_EQUIP_BY_ITEM_ID_RVA	BOTH-ENTRIES	PDATA:0xb3/0xb3
0x1402470e0	0x1402470e0	IDENTICAL-WHOLE	1.000	25	GET_PARAM_ID_IN_SLOT_RVA	BOTH-ENTRIES	PDATA:0x61/0x61
0x140247900	0x140247900	BYTE-IDENTICAL	1.000	30	GET_EQUIPPED_GREATRUNE_RVA	BOTH-ENTRIES	PDATA:0x1e/0x1e
0x140247ee0	0x140247ee0	BYTE-IDENTICAL	1.000	30	GET_ITEM_ID_BY_QUICK_SLOT_INDEX_RVA	BOTH-ENTRIES	PDATA:0x1e/0x1e
0x140248440	0x140248440	BYTE-IDENTICAL	1.000	223	GET_SLOT_INDEX_BY_ITEM_INDEX_RVA	BOTH-ENTRIES	PDATA:0xdf/0xdf
0x140249160	0x140249160	IDENTICAL-WHOLE	1.000	98	SET_EQUIPMENT_ENTRIES_RVA	BOTH-ENTRIES	PDATA:0x1ac/0x1ac
0x140249a90	0x140249a90	BYTE-IDENTICAL	1.000	126	EQUIP_REFRESH_RVA	BOTH-ENTRIES	PDATA:0x7e/0x7e
0x14024c1b0	0x14024c1b0	IDENTICAL-WHOLE	1.000	57	GET_QUANTITY_BY_ITEM_ID_RVA	BOTH-ENTRIES	PDATA:0xc3/0xc3
0x14024c460	0x14024c460	IDENTICAL-WHOLE	1.000	75	GET_ITEM_INDEX_BY_GAITEM_HANDLE_RVA	BOTH-ENTRIES	PDATA:0xfe/0xfe
0x14024c560	0x14024c560	IDENTICAL-WHOLE	1.000	37	GET_ITEM_INVENTORY_IDX_RVA	BOTH-ENTRIES	PDATA:0x6f/0x6f
0x14024c630	0x14024c630	IDENTICAL-WHOLE	1.000	102	GET_ADD_OR_REMOVE_AMOUNT_RVA	BOTH-ENTRIES	PDATA:0x13c/0x13c
0x14024c7b0	0x14024c7b0	IDENTICAL-WHOLE	1.000	18	GET_GAITEM_HANDLE_BY_INDEX_RVA	BOTH-ENTRIES	PDATA:0x3f/0x3f
0x14024db90	0x14024db90	IDENTICAL-WHOLE	1.000	138	TRANSFER_ITEM_BETWEEN_INVENTORY_DATAS_RVA	BOTH-ENTRIES	PDATA:0x210/0x210
0x14024dff0	0x14024dff0	IDENTICAL-WHOLE	1.000	78	REPLANISH_ITEMS_FROM_CHEST_RVA	BOTH-ENTRIES	PDATA:0x130/0x130
0x14024e3d0	0x14024e3d0	IDENTICAL-WHOLE	1.000	29	CHANGE_AMOUNT_IN_BOX_RVA	BOTH-ENTRIES	PDATA:0x61/0x61
0x140250490	0x140250490	IDENTICAL-WHOLE	1.000	44	EQUIP_MAGIC_IN_SLOT_RVA	BOTH-ENTRIES	PDATA:0x98/0x98
0x140250580	0x140250580	IDENTICAL-WHOLE	1.000	32	GET_MAGIC_SLOTS_COUNT_RVA	BOTH-ENTRIES	PDATA:0x5f/0x5f
0x140252f70	0x140252f40	IDENTICAL-WHOLE	1.000	57	FACE_DATA_COPY_FROM_BUFFER_RVA	BOTH-ENTRIES	PDATA:0xf5/0xf5
0x1402610c0	0x1402610d0	IDENTICAL-WHOLE	1.000	38	PLAYER_GAME_DATA_COPY_CHR_NAME_RVA	BOTH-ENTRIES	PDATA:0xa3/0xa3
0x1402a2020	0x1402a2030	IDENTICAL-WHOLE	1.000	92	NOW_LOADING_HELPER_CTOR_RVA	BOTH-ENTRIES	PDATA:0x15b/0x15b
0x1403f0bf0	0x1403f0e20	IDENTICAL-WHOLE	1.000	9	CHR_INS_GET_PHYSICS_POSITION_RVA	BOTH-ENTRIES	PDATA:0x1b/0x1b
0x1403fade0	0x1403fb010	IDENTICAL-WHOLE	1.000	157	APPLY_SPEFFECT_WITH_SOURCE_RVA	BOTH-ENTRIES	PDATA:0x263/0x263
0x1404fa8e0	0x1404fb6b0	IDENTICAL-WHOLE	1.000	71	APPLY_RVA	BOTH-ENTRIES	PDATA:0x119/0x119
0x14059c1e0	0x14059d030	IDENTICAL-WHOLE	1.000	33	BONFIRE_FIRST_LVUP_RVA	BOTH-ENTRIES	PDATA:0x84/0x84
0x1405eefb0	0x1405efe00	IDENTICAL-WHOLE	1.000	22	GET_CURRENT_MAP_ID_RVA	BOTH-ENTRIES	PDATA:0x51/0x51
0x1405f7b70	0x1405f89c0	IDENTICAL-WHOLE	1.000	41	WARP_NEXT_STAGE_KICK_RVA	BOTH-ENTRIES	PDATA:0xa4/0xa4
0x140614870	0x1406156c0	BYTE-IDENTICAL	1.000	92	WORLDBLOCKRES_UPDATE_RE_RVA	BOTH-ENTRIES	PDATA:0x5c/0x5c
0x1406156c0	0x140616510	IDENTICAL-WHOLE	1.000	51	(refused at runtime 0x6156c0)	BOTH-ENTRIES	PDATA:0xe7/0xe7
0x1406157f0	0x140616640	BYTE-IDENTICAL	1.000	162	WORLDRES_BLOCKRES_PHASE2_RVA	BOTH-ENTRIES	PDATA:0xa2/0xa2
0x14061e120	0x14061ef70	IDENTICAL-WHOLE	1.000	87	CONVERT_BLOCK_COORDS_TO_PHYSICS_RVA	BOTH-ENTRIES	PDATA:0x14a/0x14a
0x140624bd0	0x140625a20	BYTE-IDENTICAL	1.000	121	WORLDRESWAIT_FIELDAREA_GATE_RVA	BOTH-ENTRIES	PDATA:0x79/0x79
0x140656920	0x140657770	IDENTICAL-WHOLE	1.000	16	GET_WEAPON_GAITEM_HANDLE_BY_SLOT_RVA	BOTH-ENTRIES	PDATA:0x36/0x36
0x140658c90	0x140659ae0	IDENTICAL-WHOLE	1.000	12	BROADCAST_EQUIPMENT_CHANGE_RVA	BOTH-ENTRIES	PDATA:0x2c/0x2c
0x1406610e0	0x140661f30	IDENTICAL-WHOLE	1.000	55	WORLDRES_ENTRY_CTOR_RVA	BOTH-ENTRIES	PDATA:0xf4/0xf4
0x140669af0	0x14066a940	BYTE-IDENTICAL	1.000	184	WORLD_INFO_OWNER_RESIDENT_BLOCKS_RVA	BOTH-ENTRIES	PDATA:0xb8/0xb8
0x140669ea0	0x14066acf0	BYTE-IDENTICAL	1.000	88	WORLD_INFO_OWNER_GET_MSB_RES_CAP_RVA	BOTH-ENTRIES	PDATA:0x58/0x58
0x14066b1d0	0x14066c020	IDENTICAL-WHOLE	1.000	316	WORLDINFO_PROCESS_MSB_LOADLISTS_RVA	BOTH-ENTRIES	PDATA:0x4ea/0x4ea
0x14066bb10	0x14066c960	BYTE-IDENTICAL	1.000	643	POPULATE_BLOCKS_LISTS_RVA	BOTH-ENTRIES	PDATA:0x283/0x283
0x140671130	0x140671f80	IDENTICAL-WHOLE	1.000	229	SYSTEM_QUIT_GAITEM_DESERIALIZE_RVA	BOTH-ENTRIES	PDATA:0x35c/0x35c
0x140671670	0x1406724c0	IDENTICAL-WHOLE	1.000	65	SYSTEM_QUIT_GAITEM_FINALIZE_RVA	BOTH-ENTRIES	PDATA:0x11e/0x11e
0x140671810	0x140672660	IDENTICAL-WHOLE	1.000	88	SYSTEM_QUIT_GAITEM_LOOKUP_RVA	BOTH-ENTRIES	PDATA:0x13b/0x13b
0x140671ce0	0x140672b30	BYTE-IDENTICAL	1.000	163	GET_GAITEM_HANDLE_WEAPON_WITH_GEM_RVA	BOTH-ENTRIES	PDATA:0xa3/0xa3
0x140672560	0x1406733b0	IDENTICAL-WHOLE	1.000	80	CSGAITEM_REMOVE_INS_RVA	BOTH-ENTRIES	PDATA:0x12c/0x12c
0x1406726c0	0x140673510	BYTE-IDENTICAL	1.000	42	GAITEM_LOOKUP_RESULT_CTOR_RVA	BOTH-ENTRIES	PDATA:0x2a/0x2a
0x140672e40	0x140673c90	IDENTICAL-WHOLE	1.000	103	GET_GAITEM_INS_BY_HANDLE_RVA	BOTH-ENTRIES	PDATA:0x182/0x182
0x140673e30	0x140674c80	BYTE-IDENTICAL	1.000	75	GET_GEM_HANDLE_FROM_WEAPON_RVA	BOTH-ENTRIES	PDATA:0x4b/0x4b
0x140673f30	0x140674d80	IDENTICAL-WHOLE	1.000	17	GET_SWORD_ARTS_PARAM_FOR_WEAPON_RVA	BOTH-ENTRIES	PDATA:0x40/0x40
0x1406758a0	0x1406766f0	IDENTICAL-WHOLE	1.000	30	MENU_STRING_FROM_WIDE_RVA	BOTH-ENTRIES	PDATA:0x77/0x77
0x140678a50	0x1406798a0	IDENTICAL-WHOLE	1.000	49	SLOT_MGR_PEEK_RVA	BOTH-ENTRIES	PDATA:0xca/0xca
0x140678e00	0x140679c50	IDENTICAL-WHOLE	1.000	14	SAVE_STATE_MENUJOB_LOADWAIT_RVA	BOTH-ENTRIES	PDATA:0x3c/0x3c
0x140679180	0x140679fd0	IDENTICAL-WHOLE	1.000	39	SL_LOAD_POLL_WRAPPER_RVA	BOTH-ENTRIES	PDATA:0x94/0x94
0x140679180	0x140679fd0	IDENTICAL-WHOLE	1.000	39	crates/er-reload-trace/src/lib.rs:804	BOTH-ENTRIES	PDATA:0x94/0x94
0x1406794b0	0x14067a300	IDENTICAL-WHOLE	1.000	18	SAVE_STATE_SAVE_LANE_ALT_RVA	BOTH-ENTRIES	PDATA:0x52/0x52
0x140679510	0x14067a360	IDENTICAL-WHOLE	1.000	15	SAVE_LOAD_PUMP_DEFAULT_RVA	BOTH-ENTRIES	PDATA:0x4a/0x4a
0x140679510	0x14067a360	IDENTICAL-WHOLE	1.000	15	SL_SAVE_LANE_WRAPPER_RVA	BOTH-ENTRIES	PDATA:0x4a/0x4a
0x14067a3a0	0x14067b1f0	IDENTICAL-WHOLE	1.000	24	SYSTEM_QUIT_RETURN_TITLE_REQUEST_RVA	BOTH-ENTRIES	PDATA:0x79/0x79
0x14067a420	0x14067b270	IDENTICAL-WHOLE	1.000	61	SAVE_REQUEST_PROFILE_RVA	BOTH-ENTRIES	PDATA:0xff/0xff
0x14067a420	0x14067b270	IDENTICAL-WHOLE	1.000	61	SYSTEM_QUIT_SAVE_REQUEST_PROFILE_RVA	BOTH-ENTRIES	PDATA:0xff/0xff
0x14067a420	0x14067b270	IDENTICAL-WHOLE	1.000	61	crates/er-reload-trace/src/lib.rs:738	BOTH-ENTRIES	PDATA:0xff/0xff
0x14067a520	0x14067b370	IDENTICAL-WHOLE	1.000	85	REQUEST_SAVE_RVA	BOTH-ENTRIES	PDATA:0x172/0x172
0x14067a520	0x14067b370	IDENTICAL-WHOLE	1.000	85	SYSTEM_QUIT_REQUEST_SAVE_RVA	BOTH-ENTRIES	PDATA:0x172/0x172
0x14067a520	0x14067b370	IDENTICAL-WHOLE	1.000	85	crates/er-reload-trace/src/lib.rs:744	BOTH-ENTRIES	PDATA:0x172/0x172
0x14067abd0	0x14067ba20	IDENTICAL-WHOLE	1.000	26	SET_MOVE_MAP_STEP_BLOCK_ID_RVA	BOTH-ENTRIES	PDATA:0x54/0x54
0x14067b030	0x14067be80	IDENTICAL-WHOLE	1.000	28	SAVE_LOAD_STATE_INIT_RVA	BOTH-ENTRIES	PDATA:0x7f/0x7f
0x14067b030	0x14067be80	IDENTICAL-WHOLE	1.000	28	crates/er-reload-trace/src/lib.rs:774	BOTH-ENTRIES	PDATA:0x7f/0x7f
0x14067b100	0x14067bf50	IDENTICAL-WHOLE	1.000	33	READ_67B100_RVA	BOTH-ENTRIES	PDATA:0x7c/0x7c
0x14067b1a0	0x14067bff0	IDENTICAL-WHOLE	1.000	24	B80_FULL_LOAD_INITIATOR_RVA	BOTH-ENTRIES	PDATA:0x58/0x58
0x14067b1a0	0x14067bff0	IDENTICAL-WHOLE	1.000	24	crates/er-reload-trace/src/lib.rs:798	BOTH-ENTRIES	PDATA:0x58/0x58
0x14067b200	0x14067c050	IDENTICAL-WHOLE	1.000	40	B80_LOAD_SAVE_DATA_INITIATOR_RVA	BOTH-ENTRIES	PDATA:0x8a/0x8a
0x14067b200	0x14067c050	IDENTICAL-WHOLE	1.000	40	SYSTEM_QUIT_REQUEST_LOAD_SLOT_RVA	BOTH-ENTRIES	PDATA:0x8a/0x8a
0x14067b200	0x14067c050	IDENTICAL-WHOLE	1.000	40	crates/er-reload-trace/src/lib.rs:792	BOTH-ENTRIES	PDATA:0x8a/0x8a
0x14067b290	0x14067c0e0	IDENTICAL-WHOLE	1.000	112	DESERIALIZE_SLOT_RVA	BOTH-ENTRIES	PDATA:0x1ee/0x1ee
0x14067b290	0x14067c0e0	IDENTICAL-WHOLE	1.000	112	SYSTEM_QUIT_INWORLD_LOAD_RVA	BOTH-ENTRIES	PDATA:0x1ee/0x1ee
0x14067b290	0x14067c0e0	IDENTICAL-WHOLE	1.000	112	crates/er-reload-trace/src/lib.rs:810	BOTH-ENTRIES	PDATA:0x1ee/0x1ee
0x14067b4e0	0x14067c330	IDENTICAL-WHOLE	1.000	32	BLANK_SAVE_CONTAINER_REQUEST_RVA	BOTH-ENTRIES	PDATA:0x81/0x81
0x14067b4e0	0x14067c330	IDENTICAL-WHOLE	1.000	32	crates/er-reload-trace/src/lib.rs:780	BOTH-ENTRIES	PDATA:0x81/0x81
0x14067b570	0x14067c3c0	IDENTICAL-WHOLE	1.000	108	SAVE_DISPATCH_SYSTEM_RVA	BOTH-ENTRIES	PDATA:0x1d6/0x1d6
0x14067b570	0x14067c3c0	IDENTICAL-WHOLE	1.000	108	crates/er-reload-trace/src/lib.rs:750	BOTH-ENTRIES	PDATA:0x1d6/0x1d6
0x14067b750	0x14067c5a0	IDENTICAL-WHOLE	1.000	122	SAVE_DISPATCH_CHAR_RVA	BOTH-ENTRIES	PDATA:0x1e3/0x1e3
0x14067b750	0x14067c5a0	IDENTICAL-WHOLE	1.000	122	SAVE_WRITE_TO_SLOT_RVA	BOTH-ENTRIES	PDATA:0x1e3/0x1e3
0x14067b750	0x14067c5a0	IDENTICAL-WHOLE	1.000	122	crates/er-reload-trace/src/lib.rs:756	BOTH-ENTRIES	PDATA:0x1e3/0x1e3
0x14067b940	0x14067c790	IDENTICAL-WHOLE	1.000	168	SAVE_DISPATCH_COMBINED_RVA	BOTH-ENTRIES	PDATA:0x2cc/0x2cc
0x14067b940	0x14067c790	IDENTICAL-WHOLE	1.000	168	crates/er-reload-trace/src/lib.rs:762	BOTH-ENTRIES	PDATA:0x2cc/0x2cc
0x14067bc10	0x14067ca60	IDENTICAL-WHOLE	1.000	67	SAVE_DISPATCH_ENTRY0B_RVA	BOTH-ENTRIES	PDATA:0x11f/0x11f
0x14067bc10	0x14067ca60	IDENTICAL-WHOLE	1.000	67	crates/er-reload-trace/src/lib.rs:768	BOTH-ENTRIES	PDATA:0x11f/0x11f
0x14067bd70	0x14067cbc0	IDENTICAL-WHOLE	1.000	271	SYSTEM_QUIT_GAMEMAN_LOAD_SAVE_RVA	BOTH-ENTRIES	PDATA:0x49d/0x49d
0x14067dc00	0x14067ea50	IDENTICAL-WHOLE	1.000	306	SAVE_SERIALIZE_CHAR_RVA	BOTH-ENTRIES	PDATA:0x549/0x549
0x140682480	0x1406832d0	IDENTICAL-WHOLE	1.000	25	GAITEM_HANDLE_DTOR_RVA	BOTH-ENTRIES	PDATA:0x6b/0x6b
0x1406fb520	0x1406fc370	IDENTICAL-WHOLE	1.000	48	crates/er-invasion-warp/src/map_seams.rs:111	BOTH-ENTRIES	PDATA:0xe6/0xe6
0x140733150	0x140733fa0	BYTE-IDENTICAL	1.000	21	PROXY_IS_BOUND_RVA	BOTH-ENTRIES	PDATA:0x15/0x15
0x140733150	0x140733fa0	BYTE-IDENTICAL	1.000	21	TITLE_NATIVE_READY_PREDICATE_RVA	BOTH-ENTRIES	PDATA:0x15/0x15
0x140733340	0x140734190	IDENTICAL-WHOLE	1.000	17	PROXY_SET_VISIBLE_RVA	BOTH-ENTRIES	PDATA:0x33/0x33
0x140733340	0x140734190	IDENTICAL-WHOLE	1.000	17	TITLE_PRESS_START_SET_VISIBLE_RVA	BOTH-ENTRIES	PDATA:0x33/0x33
0x140733d70	0x140734bc0	IDENTICAL-WHOLE	1.000	98	MENU_WINDOW_LIST_REMOVE_RVA	BOTH-ENTRIES	PDATA:0x17c/0x17c
0x140733ef0	0x140734d40	BYTE-IDENTICAL	1.000	38	MENU_WINDOW_LIST_PUSH_RVA	BOTH-ENTRIES	PDATA:0x26/0x26
0x140736c90	0x140737ae0	IDENTICAL-WHOLE	1.000	119	MENU_ITEM_LIST_POINT_TO_INDEX_RVA	BOTH-ENTRIES	PDATA:0x19c/0x19c
0x140738dc0	0x140739c10	BYTE-IDENTICAL	1.000	171	GRID_CONTROL_SET_ITEM_COUNT_RVA	BOTH-ENTRIES	PDATA:0xab/0xab
0x14073bc10	0x14073ca60	BYTE-IDENTICAL	1.000	337	MENU_ITEM_LIST_SET_CURSOR_RVA	BOTH-ENTRIES	PDATA:0x151/0x151
0x14073d3e0	0x14073e230	BYTE-IDENTICAL	1.000	135	ICON_INFO_BUILDER_RVA	BOTH-ENTRIES	PDATA:0x87/0x87
0x140742c90	0x140743ae0	BYTE-IDENTICAL	1.000	185	MENU_HELP_LABEL_DTOR_RVA	BOTH-ENTRIES	PDATA:0xb9/0xb9
0x140744a60	0x1407458b0	IDENTICAL-WHOLE	1.000	123	RESULT_EVENT_WRAPPER_BUILDER_RVA	BOTH-ENTRIES	PDATA:0x1d7/0x1d7
0x140744a60	0x1407458b0	IDENTICAL-WHOLE	1.000	123	crates/er-reload-trace/src/lib.rs:720	BOTH-ENTRIES	PDATA:0x1d7/0x1d7
0x140744dd0	0x140745c20	IDENTICAL-WHOLE	1.000	65	TITLE_NATIVE_MENU_VISUAL_WINDOW_FADEIN_RVA	BOTH-ENTRIES	PDATA:0x117/0x117
0x1407451c0	0x140746010	IDENTICAL-WHOLE	1.000	49	TITLE_SCALEFORM_BIND_OBSERVER_RVA	BOTH-ENTRIES	PDATA:0xbb/0xbb
0x140745510	0x140746360	IDENTICAL-WHOLE	1.000	24	WRAP_UPDATE_RVA	BOTH-ENTRIES	PDATA:0x56/0x56
0x140746a00	0x140747850	IDENTICAL-WHOLE	1.000	288	RESULT_ACTION_BUILDER_RVA	BOTH-ENTRIES	PDATA:0x480/0x480
0x140746a00	0x140747850	IDENTICAL-WHOLE	1.000	288	crates/er-reload-trace/src/lib.rs:714	BOTH-ENTRIES	PDATA:0x480/0x480
0x140746e80	0x140747cd0	IDENTICAL-WHOLE	1.000	51	MENU_JOB_EMIT_RESULT_RVA	BOTH-ENTRIES	PDATA:0xfe/0xfe
0x140746e80	0x140747cd0	IDENTICAL-WHOLE	1.000	51	crates/er-reload-trace/src/lib.rs:708	BOTH-ENTRIES	PDATA:0xfe/0xfe
0x140747980	0x1407487d0	BYTE-IDENTICAL	1.000	64	MENU_WINDOW_ROOT_PROXY_CTOR_RVA	BOTH-ENTRIES	PDATA:0x40/0x40
0x1407499e0	0x14074a830	BYTE-IDENTICAL	1.000	63	SCALEFORM_LABEL_GOTO_RVA	BOTH-ENTRIES	PDATA:0x3f/0x3f
0x140749b20	0x14074a970	IDENTICAL-WHOLE	1.000	25	TITLE_TOP_DIALOG_IS_IN_STATE_RVA	BOTH-ENTRIES	PDATA:0x4b/0x4b
0x14074a000	0x14074ae50	IDENTICAL-WHOLE	1.000	20	PROFILE_SETTEXT_RVA	BOTH-ENTRIES	PDATA:0x41/0x41
0x14074a2f0	0x14074b140	IDENTICAL-WHOLE	1.000	117	ASSIGN_COMPONENT_WITH_NAME_RVA	BOTH-ENTRIES	PDATA:0x1b9/0x1b9
0x14074a2f0	0x14074b140	IDENTICAL-WHOLE	1.000	117	TITLE_SCENE_OBJ_PROXY_NAMED_CHILD_BIND_RVA	BOTH-ENTRIES	PDATA:0x1b9/0x1b9
0x14074a700	0x14074b550	IDENTICAL-WHOLE	1.000	23	SCENE_OBJ_PROXY_CTOR_RVA	BOTH-ENTRIES	PDATA:0x59/0x59
0x14074bcc0	0x14074cb10	IDENTICAL-WHOLE	1.000	315	ICON_SETTER_RVA	BOTH-ENTRIES	PDATA:0x552/0x552
0x14074dad0	0x14074e920	BYTE-IDENTICAL	1.000	131	SCROLLBAR_CONTROL_SET_TOTAL_RVA	BOTH-ENTRIES	PDATA:0x83/0x83
0x14074db60	0x14074e9b0	BYTE-IDENTICAL	1.000	98	SCROLLBAR_CONTROL_SET_POSITION_RVA	BOTH-ENTRIES	PDATA:0x62/0x62
0x140757af0	0x140758940	IDENTICAL-WHOLE	1.000	29	MENU_VIEWER_EVENT_POINT_RVA	BOTH-ENTRIES	PDATA:0x6b/0x6b
0x140757c70	0x140758ac0	BYTE-IDENTICAL	1.000	116	MENU_EVENT_WHEEL_DELTA_ACCESSOR_RVA	BOTH-ENTRIES	PDATA:0x74/0x74
0x14075f800	0x140760650	IDENTICAL-WHOLE	1.000	238	GET_PLAYER_CHR_NAME_RVA	BOTH-ENTRIES	PDATA:0x3c4/0x3c4
0x140760790	0x1407615e0	IDENTICAL-WHOLE	1.000	46	GET_GR_LINEHELP_ENTRY_RVA	BOTH-ENTRIES	PDATA:0xd2/0xd2
0x140762d50	0x140763ba0	IDENTICAL-WHOLE	1.000	25	GR_SYSTEM_MESSAGE_RVA	BOTH-ENTRIES	PDATA:0x68/0x68
0x1407633d0	0x140764220	IDENTICAL-WHOLE	1.000	44	MSG_REPOSITORY_GET_AND_FORMAT_RVA	BOTH-ENTRIES	PDATA:0xb6/0xb6
0x1407638b0	0x140764700	IDENTICAL-WHOLE	1.000	67	MSG_REPOSITORY_FORMAT_RVA	BOTH-ENTRIES	PDATA:0x129/0x129
0x140786430	0x1407872b0	IDENTICAL-WHOLE	1.000	43	SET_ITEM_REPLENISH_STATE_RVA	BOTH-ENTRIES	PDATA:0xb3/0xb3
0x140787c30	0x140788ab0	IDENTICAL-WHOLE	1.000	268	EQUIP_ITEM_TO_CHR_ASM_SLOT_RVA	BOTH-ENTRIES	PDATA:0x474/0x474
0x140788360	0x1407891e0	IDENTICAL-WHOLE	1.000	50	GET_MAIN_PLAYER_STATS_RVA	BOTH-ENTRIES	PDATA:0xb0/0xb0
0x140788a90	0x140789910	IDENTICAL-WHOLE	1.000	64	EQUIP_PERMISSION_GATE_RVA	BOTH-ENTRIES	PDATA:0xe6/0xe6
0x140788cf0	0x140789b70	IDENTICAL-WHOLE	1.000	191	APPLY_MAIN_PLAYER_STATS_RVA	BOTH-ENTRIES	PDATA:0x30f/0x30f
0x14078d2c0	0x14078e140	IDENTICAL-WHOLE	1.000	72	REBUILD_ROWS_RVA	BOTH-ENTRIES	PDATA:0x11e/0x11e
0x14078dfd0	0x14078ee50	IDENTICAL-WHOLE	1.000	26	MSGBOX_FORCE_STOP_RVA	BOTH-ENTRIES	PDATA:0x59/0x59
0x14078e030	0x14078eeb0	IDENTICAL-WHOLE	1.000	32	MSGBOX_OK_HANDLER_RVA	BOTH-ENTRIES	PDATA:0x90/0x90
0x14078eea0	0x14078fd20	IDENTICAL-WHOLE	1.000	21	APPEND_ONE_RVA	BOTH-ENTRIES	PDATA:0x57/0x57
0x1407931e0	0x140794060	IDENTICAL-WHOLE	1.000	118	IFELSE_UPDATE_RVA	BOTH-ENTRIES	PDATA:0x1ab/0x1ab
0x14079d700	0x14079e580	IDENTICAL-WHOLE	1.000	295	SYSTEM_QUIT_RETURN_TITLE_CHAIN_BUILDER_RVA	BOTH-ENTRIES	PDATA:0x464/0x464
0x14079f690	0x1407a0510	IDENTICAL-WHOLE	1.000	36	SYSTEM_QUIT_RETURN_TITLE_FINAL_JOB_BUILDER_RVA	BOTH-ENTRIES	PDATA:0x94/0x94
0x1407a04f0	0x1407a1370	IDENTICAL-WHOLE	1.000	402	crates/er-invasion-warp/src/map_seams.rs:123	BOTH-ENTRIES	PDATA:0x64e/0x64e
0x1407a7b60	0x1407a89e0	IDENTICAL-WHOLE	1.000	19	TRACE_TASK_ENQUEUE_RVA	BOTH-ENTRIES	PDATA:0x45/0x45
0x1407a7b60	0x1407a89e0	IDENTICAL-WHOLE	1.000	19	crates/er-reload-trace/src/lib.rs:726	BOTH-ENTRIES	PDATA:0x45/0x45
0x1407a7bb0	0x1407a8a30	IDENTICAL-WHOLE	1.000	100	MENU_JOB_CHAIN_MENU_JOBS_RVA	BOTH-ENTRIES	PDATA:0x161/0x161
0x1407a90f0	0x1407a9f70	IDENTICAL-WHOLE	1.000	63	MENU_DRAIN_WRAPPER_RVA	BOTH-ENTRIES	PDATA:0xe3/0xe3
0x1407a9250	0x1407aa0d0	IDENTICAL-WHOLE	1.000	42	MENU_JOB_SUBMIT_RVA	BOTH-ENTRIES	PDATA:0x97/0x97
0x1407a9460	0x1407aa2e0	IDENTICAL-WHOLE	1.000	71	MENU_JOB_ASSIGN3_RVA	BOTH-ENTRIES	PDATA:0xf4/0xf4
0x1407a9560	0x1407aa3e0	IDENTICAL-WHOLE	1.000	41	MENUJOB_ASSIGN_RVA	BOTH-ENTRIES	PDATA:0x99/0x99
0x1407a9600	0x1407aa480	IDENTICAL-WHOLE	1.000	82	EXECUTE_MENU_JOB_RVA	BOTH-ENTRIES	PDATA:0x131/0x131
0x1407aa1f0	0x1407ab070	IDENTICAL-WHOLE	1.000	110	SEQUENCE_ITER_RVA	BOTH-ENTRIES	PDATA:0x18f/0x18f
0x1407ac720	0x1407ad5a0	IDENTICAL-WHOLE	1.000	86	MENU_WINDOW_JOB_DTOR_RVA	BOTH-ENTRIES	PDATA:0x12c/0x12c
0x1407ac890	0x1407ad710	BYTE-IDENTICAL	1.000	46	MENU_WINDOW_CLOSE_WITH_FAILED_RVA	BOTH-ENTRIES	PDATA:0x2e/0x2e
0x1407ac890	0x1407ad710	BYTE-IDENTICAL	1.000	46	crates/er-reload-trace/src/lib.rs:702	BOTH-ENTRIES	PDATA:0x2e/0x2e
0x1407ac8c0	0x1407ad740	IDENTICAL-WHOLE	1.000	152	MENU_WINDOW_JOB_CTOR_RVA	BOTH-ENTRIES	PDATA:0x23a/0x23a
0x1407ac8c0	0x1407ad740	IDENTICAL-WHOLE	1.000	152	crates/er-reload-trace/src/lib.rs:882	BOTH-ENTRIES	PDATA:0x23a/0x23a
0x1407acb00	0x1407ad980	IDENTICAL-WHOLE	1.000	151	MENU_WINDOW_JOB_NATIVE_CTOR_B_RVA	BOTH-ENTRIES	PDATA:0x232/0x232
0x1407acb00	0x1407ad980	IDENTICAL-WHOLE	1.000	151	crates/er-reload-trace/src/lib.rs:888	BOTH-ENTRIES	PDATA:0x232/0x232
0x1407acf80	0x1407ade00	IDENTICAL-WHOLE	1.000	151	MENU_WINDOW_JOB_IDLE_CTOR_RVA	BOTH-ENTRIES	PDATA:0x232/0x232
0x1407acf80	0x1407ade00	IDENTICAL-WHOLE	1.000	151	crates/er-reload-trace/src/lib.rs:894	BOTH-ENTRIES	PDATA:0x232/0x232
0x1407ad1c0	0x1407ae040	IDENTICAL-WHOLE	1.000	322	LEAF_UPDATE_RVA	BOTH-ENTRIES	PDATA:0x4fc/0x4fc
0x1407ad1c0	0x1407ae040	IDENTICAL-WHOLE	1.000	322	MENU_ITEM_UPDATE_RVA	BOTH-ENTRIES	PDATA:0x4fc/0x4fc
0x1407ad1c0	0x1407ae040	IDENTICAL-WHOLE	1.000	322	MENU_WINDOW_JOB_RUN_RVA	BOTH-ENTRIES	PDATA:0x4fc/0x4fc
0x1407ad1c0	0x1407ae040	IDENTICAL-WHOLE	1.000	322	PAB_NODE_UPDATE_RVA	BOTH-ENTRIES	PDATA:0x4fc/0x4fc
0x1407ad710	0x1407ae590	BYTE-IDENTICAL	1.000	256	(refused at runtime 0x7ad710)	BOTH-ENTRIES	PDATA:0x100/0x100
0x1407ad810	0x1407ae690	IDENTICAL-WHOLE	1.000	14	MENU_ITEM_ACCEPT_NATIVE_RVA	BOTH-ENTRIES	PDATA:0x2a/0x2a
0x1407ada40	0x1407ae8c0	IDENTICAL-WHOLE	1.000	193	MENU_WINDOW_JOB_FINALIZE_RVA	BOTH-ENTRIES	PDATA:0x322/0x322
0x1407af730	0x1407b05b0	IDENTICAL-WHOLE	1.000	82	SYSTEM_QUIT_MSGBOX_BUILDER_CTOR_RVA	BOTH-ENTRIES	PDATA:0x17e/0x17e
0x1407b0140	0x1407b0fc0	IDENTICAL-WHOLE	1.000	87	SYSTEM_QUIT_MSGBOX_DTOR_RVA	BOTH-ENTRIES	PDATA:0x124/0x124
0x1407b10f0	0x1407b1f70	IDENTICAL-WHOLE	1.000	73	SYSTEM_QUIT_MSGBOX_FINALIZE_RVA	BOTH-ENTRIES	PDATA:0x146/0x146
0x1407b1900	0x1407b2780	IDENTICAL-WHOLE	1.000	47	SYSTEM_QUIT_MSGBOX_ADD_NO_RVA	BOTH-ENTRIES	PDATA:0xf3/0xf3
0x1407b1c70	0x1407b2af0	IDENTICAL-WHOLE	1.000	47	SYSTEM_QUIT_MSGBOX_ADD_YES_RVA	BOTH-ENTRIES	PDATA:0xcb/0xcb
0x1407ee1f0	0x1407ef070	IDENTICAL-WHOLE	1.000	87	POPUP_SUBMIT_TOP_JOB_RVA	BOTH-ENTRIES	PDATA:0x147/0x147
0x140801bc0	0x140802a40	IDENTICAL-WHOLE	1.000	45	EQUIP_TOP_JOB_FACTORY_RVA	BOTH-ENTRIES	PDATA:0xa0/0xa0
0x140801d50	0x140802bd0	IDENTICAL-WHOLE	1.000	292	INVENTORY_JOB_FACTORY_RVA	BOTH-ENTRIES	PDATA:0x4e2/0x4e2
0x14081be30	0x14081ccb0	IDENTICAL-WHOLE	1.000	100	SOFTWARE_KEYBOARD_JOB_CTOR_RVA	BOTH-ENTRIES	PDATA:0x185/0x185
0x14081d220	0x14081e0a0	IDENTICAL-WHOLE	1.000	113	SOFTWARE_KEYBOARD_TERMINAL_CALLBACK_RVA	BOTH-ENTRIES	PDATA:0x1a6/0x1a6
0x14081d3d0	0x14081e250	IDENTICAL-WHOLE	1.000	89	SOFTWARE_KEYBOARD_RESULT_GATE_RVA	BOTH-ENTRIES	PDATA:0x161/0x161
0x14081ead0	0x14081f950	IDENTICAL-WHOLE	1.000	46	FACTORY_RVA	BOTH-ENTRIES	PDATA:0xb4/0xb4
0x14081ead0	0x14081f950	IDENTICAL-WHOLE	1.000	46	LIVE_DIALOG_FACTORY_RVA	BOTH-ENTRIES	PDATA:0xb4/0xb4
0x14081ead0	0x14081f950	IDENTICAL-WHOLE	1.000	46	crates/er-reload-trace/src/lib.rs:876	BOTH-ENTRIES	PDATA:0xb4/0xb4
0x14081f6f0	0x140820570	IDENTICAL-WHOLE	1.000	49	PROFILE_SELECT_WRAPPER_RVA	BOTH-ENTRIES	PDATA:0xf0/0xf0
0x14081f8d0	0x140820750	IDENTICAL-WHOLE	1.000	55	TITLE_NATIVE_MENU_VISUAL_TITLE_INFORMATION_RVA	BOTH-ENTRIES	PDATA:0x114/0x114
0x14081f9f0	0x140820870	IDENTICAL-WHOLE	1.000	49	TITLE_NATIVE_MENU_VISUAL_BEGIN_TITLE_RVA	BOTH-ENTRIES	PDATA:0xf0/0xf0
0x140821310	0x140822190	IDENTICAL-WHOLE	1.000	357	NETWORK_CHECK_JOB_RUN_RVA	BOTH-ENTRIES	PDATA:0x5a7/0x5a7
0x140826510	0x140827500	IDENTICAL-WHOLE	1.000	78	CAP_BUILDER_RVA	BOTH-ENTRIES	PDATA:0x119/0x119
0x140826510	0x140827500	IDENTICAL-WHOLE	1.000	78	LOADGAME_JOB_BUILD_RVA	BOTH-ENTRIES	PDATA:0x119/0x119
0x140826510	0x140827500	IDENTICAL-WHOLE	1.000	78	SYSTEM_QUIT_PROFILE_LOAD_JOB_BUILDER_RVA	BOTH-ENTRIES	PDATA:0x119/0x119
0x140826510	0x140827500	IDENTICAL-WHOLE	1.000	78	crates/er-reload-trace/src/lib.rs:858	BOTH-ENTRIES	PDATA:0x119/0x119
0x140826d50	0x140827d40	IDENTICAL-WHOLE	1.000	49	PROFILE_LOAD_JOB_RUN_RVA	BOTH-ENTRIES	PDATA:0xb4/0xb4
0x140826d50	0x140827d40	IDENTICAL-WHOLE	1.000	49	SYSTEM_QUIT_PROFILE_LOAD_JOB_RUN_RVA	BOTH-ENTRIES	PDATA:0xb4/0xb4
0x140826d50	0x140827d40	IDENTICAL-WHOLE	1.000	49	crates/er-reload-trace/src/lib.rs:864	BOTH-ENTRIES	PDATA:0xb4/0xb4
0x140826e10	0x140827e00	IDENTICAL-WHOLE	1.000	49	LOADGAME_JOB_RUN_RVA	BOTH-ENTRIES	PDATA:0xb4/0xb4
0x14082ba80	0x14082ca70	IDENTICAL-WHOLE	1.000	18	TRACE_MENU_NEW_OR_LOAD_WRAPPER_RVA	BOTH-ENTRIES	PDATA:0x35/0x35
0x14082ba80	0x14082ca70	IDENTICAL-WHOLE	1.000	18	crates/er-reload-trace/src/lib.rs:690	BOTH-ENTRIES	PDATA:0x35/0x35
0x14082bac0	0x14082cab0	IDENTICAL-WHOLE	1.000	18	TRACE_MENU_CONTINUE_WRAPPER_RVA	BOTH-ENTRIES	PDATA:0x36/0x36
0x14082bac0	0x14082cab0	IDENTICAL-WHOLE	1.000	18	crates/er-reload-trace/src/lib.rs:684	BOTH-ENTRIES	PDATA:0x36/0x36
0x14082bb00	0x14082caf0	IDENTICAL-WHOLE	1.000	15	MENU_OTHER_LOAD_WRAPPER_RVA	BOTH-ENTRIES	PDATA:0x2e/0x2e
0x14082bb00	0x14082caf0	IDENTICAL-WHOLE	1.000	15	crates/er-reload-trace/src/lib.rs:696	BOTH-ENTRIES	PDATA:0x2e/0x2e
0x14082c240	0x14082d230	IDENTICAL-WHOLE	1.000	201	CAP_MENU_DESER_RVA	BOTH-ENTRIES	PDATA:0x32a/0x32a
0x14082c240	0x14082d230	IDENTICAL-WHOLE	1.000	201	crates/er-reload-trace/src/lib.rs:870	BOTH-ENTRIES	PDATA:0x32a/0x32a
0x14082cb00	0x14082daf0	IDENTICAL-WHOLE	1.000	24	TITLE_FLOW_CONTEXT_RECORD_REGULATION_VERSION_RVA	BOTH-ENTRIES	PDATA:0x61/0x61
0x14082faf0	0x140830ae0	IDENTICAL-WHOLE	1.000	143	crates/er-reload-trace/src/lib.rs:834	BOTH-ENTRIES	PDATA:0x227/0x227
0x1408349c0	0x1408359b0	IDENTICAL-WHOLE	1.000	91	SHOW_PROGRESS_JOB_RUN_RVA	BOTH-ENTRIES	PDATA:0x171/0x171
0x14083ac60	0x14083bc50	IDENTICAL-WHOLE	1.000	26	SERVER_STATUS_FORMATTER_RVA	BOTH-ENTRIES	PDATA:0x5f/0x5f
0x1408486e0	0x1408496d0	IDENTICAL-WHOLE	1.000	338	MENU_GAITEM_ICON_ID_RVA	BOTH-ENTRIES	PDATA:0x552/0x552
0x140849880	0x14084a870	IDENTICAL-WHOLE	1.000	148	MENU_GAITEM_SWORD_ARTS_RESOLVER_RVA	BOTH-ENTRIES	PDATA:0x204/0x204
0x1408752c0	0x1408762b0	IDENTICAL-WHOLE	1.000	74	PROFILE_ROW_MODEL_BUILD_RVA	BOTH-ENTRIES	PDATA:0x129/0x129
0x140875590	0x140876580	IDENTICAL-WHOLE	1.000	109	PROFILE_SELECT_LIST_BUILDER_RVA	BOTH-ENTRIES	PDATA:0x1bc/0x1bc
0x1408757e0	0x1408767d0	IDENTICAL-WHOLE	1.000	101	PROFILE_ROW_POPULATE_RVA	BOTH-ENTRIES	PDATA:0x193/0x193
0x140876140	0x140877130	IDENTICAL-WHOLE	1.000	77	crates/er-invasion-warp/src/map_seams.rs:261	BOTH-ENTRIES	PDATA:0x13d/0x13d
0x1408855b0	0x1408865a0	IDENTICAL-WHOLE	1.000	534	crates/er-invasion-warp/src/map_seams.rs:91	BOTH-ENTRIES	PDATA:0x91b/0x91b
0x140885ed0	0x140886ec0	IDENTICAL-WHOLE	1.000	56	crates/er-invasion-warp/src/map_seams.rs:177	BOTH-ENTRIES	PDATA:0x145/0x145
0x140888aa0	0x140889a90	IDENTICAL-WHOLE	1.000	57	crates/er-invasion-warp/src/map_seams.rs:211	BOTH-ENTRIES	PDATA:0xc5/0xc5
0x14088b7b0	0x14088c7a0	IDENTICAL-WHOLE	1.000	175	crates/er-invasion-warp/src/map_seams.rs:188	BOTH-ENTRIES	PDATA:0x30a/0x30a
0x14088bac0	0x14088cab0	IDENTICAL-WHOLE	1.000	21	crates/er-invasion-warp/src/map_seams.rs:201	BOTH-ENTRIES	PDATA:0x52/0x52
0x14088be50	0x14088ce40	IDENTICAL-WHOLE	1.000	85	crates/er-invasion-warp/src/map_seams.rs:233	BOTH-ENTRIES	PDATA:0x117/0x117
0x1408d0900	0x1408d1aa0	IDENTICAL-WHOLE	1.000	297	HUD_SCENE_UPDATE_RVA	BOTH-ENTRIES	PDATA:0x4e9/0x4e9
0x1408d1d00	0x1408d2ea0	IDENTICAL-WHOLE	1.000	70	HUD_WEAPON_SLOT_CTOR_RVA	BOTH-ENTRIES	PDATA:0x125/0x125
0x1408d1e30	0x1408d2fd0	IDENTICAL-WHOLE	1.000	181	HUD_CHILD_BINDER_RVA	BOTH-ENTRIES	PDATA:0x2d3/0x2d3
0x1408d2110	0x1408d32b0	IDENTICAL-WHOLE	1.000	22	HUD_WEAPON_SLOT_UPDATE_RVA	BOTH-ENTRIES	PDATA:0x56/0x56
0x1408d54a0	0x1408d6640	IDENTICAL-WHOLE	1.000	82	DEPOSITORY_DIALOG_CTOR_RVA	BOTH-ENTRIES	PDATA:0x16f/0x16f
0x1408d6430	0x1408d75d0	IDENTICAL-WHOLE	1.000	16	DEPOSITORY_DIALOG_DTOR_RVA	BOTH-ENTRIES	PDATA:0x34/0x34
0x1408f13b0	0x1408f2550	BYTE-IDENTICAL	1.000	14	DEPOSITORY_DIALOG_REFRESH_RVA	BOTH-ENTRIES	PDATA:0xe/0xe
0x1408ff470	0x140900610	IDENTICAL-WHOLE	1.000	213	TILE_POPULATE_RVA	BOTH-ENTRIES	PDATA:0x32d/0x32d
0x1409060d0	0x140907270	IDENTICAL-WHOLE	1.000	740	CSMENU_CTOR_RVA	BOTH-ENTRIES	PDATA:0xc38/0xc38
0x14090a300	0x14090b4a0	IDENTICAL-WHOLE	1.000	119	KNOWLEDGE_TIP_REFRESH_RVA	BOTH-ENTRIES	PDATA:0x1db/0x1db
0x14090a6b0	0x14090b850	IDENTICAL-WHOLE	1.000	55	LOADING_SCREEN_UPDATE_RVA	BOTH-ENTRIES	PDATA:0xe9/0xe9
0x140920c90	0x140921e30	IDENTICAL-WHOLE	1.000	104	SYSTEM_QUIT_DUPLICATE_ADD_CANCEL_BUTTON_RVA	BOTH-ENTRIES	PDATA:0x181/0x181
0x1409275b0	0x140928750	IDENTICAL-WHOLE	1.000	228	MSGBOX_BUILDER_RVA	BOTH-ENTRIES	PDATA:0x3e2/0x3e2
0x140927ba0	0x140928d40	IDENTICAL-WHOLE	1.000	30	MSGBOX_ONDECIDE_RVA	BOTH-ENTRIES	PDATA:0x91/0x91
0x140927d30	0x140928ed0	IDENTICAL-WHOLE	1.000	29	MSGBOX_DIALOG_UPDATE_RVA	BOTH-ENTRIES	PDATA:0x64/0x64
0x14093b760	0x14093c900	IDENTICAL-WHOLE	1.000	43	OPTIONSETTING_DIALOG_REFRESH_SELECTED_ROW_RVA	BOTH-ENTRIES	PDATA:0xb0/0xb0
0x14093b760	0x14093c900	IDENTICAL-WHOLE	1.000	43	OPTIONSETTING_TAB_SELECT_VISIBILITY_RVA	BOTH-ENTRIES	PDATA:0xb0/0xb0
0x140951220	0x1409523c0	IDENTICAL-WHOLE	1.000	54	PROFILE_CURRENT_ROW_POPULATE_RVA	BOTH-ENTRIES	PDATA:0x109/0x109
0x140958910	0x140959ab0	IDENTICAL-WHOLE	1.000	210	SYSTEM_QUIT_QUIT_TAB_BUILDER_RVA	BOTH-ENTRIES	PDATA:0x33f/0x33f
0x1409749f0	0x140975b90	IDENTICAL-WHOLE	1.000	66	PROPERTY_NEW_BUTTON_CONTROLLER_ACTIVATE_RVA	BOTH-ENTRIES	PDATA:0x110/0x110
0x140974b00	0x140975ca0	IDENTICAL-WHOLE	1.000	49	PROPERTY_NEW_BUTTON_CONTROLLER_SHOULD_INVOKE_RVA	BOTH-ENTRIES	PDATA:0x9c/0x9c
0x1409a4670	0x1409a5810	IDENTICAL-WHOLE	1.000	381	CAP_LOAD_ACTIVATE_RVA	BOTH-ENTRIES	PDATA:0x5a6/0x5a6
0x1409a4670	0x1409a5810	IDENTICAL-WHOLE	1.000	381	PROFILE_LOAD_ACTIVATE_RVA	BOTH-ENTRIES	PDATA:0x5a6/0x5a6
0x1409a4670	0x1409a5810	IDENTICAL-WHOLE	1.000	381	SYSTEM_QUIT_PROFILE_LOAD_ACTIVATE_RVA	BOTH-ENTRIES	PDATA:0x5a6/0x5a6
0x1409a4670	0x1409a5810	IDENTICAL-WHOLE	1.000	381	crates/er-reload-trace/src/lib.rs:846	BOTH-ENTRIES	PDATA:0x5a6/0x5a6
0x1409a4d90	0x1409a5f30	IDENTICAL-WHOLE	1.000	16	SYSTEM_QUIT_PROFILE_LOAD_CONFIRMED_RVA	BOTH-ENTRIES	PDATA:0x46/0x46
0x1409a4ed0	0x1409a6070	IDENTICAL-WHOLE	1.000	59	PROFILE_LOAD_DIALOG_LIST_REBUILD_RVA	BOTH-ENTRIES	PDATA:0x105/0x105
0x1409a6180	0x1409a7320	IDENTICAL-WHOLE	1.000	23	TITLE_LOGO_BACK_VIEW_PARTS_CTOR_RVA	BOTH-ENTRIES	PDATA:0x58/0x58
0x1409a8890	0x1409a9a30	IDENTICAL-WHOLE	1.000	60	TITLE_TOP_DIALOG_CLEANUP_RVA	BOTH-ENTRIES	PDATA:0x114/0x114
0x1409a8eb0	0x1409aa050	IDENTICAL-WHOLE	1.000	73	TITLE_CONTINUE_SELECTOR_RVA	BOTH-ENTRIES	PDATA:0x10f/0x10f
0x1409aa290	0x1409ab430	IDENTICAL-WHOLE	1.000	16	PROFILE_DRAW_STEP_RVA	BOTH-ENTRIES	PDATA:0x38/0x38
0x1409aa680	0x1409ab820	IDENTICAL-WHOLE	1.000	62	PROFILE_RENDERER_REFRESH_RVA	BOTH-ENTRIES	PDATA:0xf8/0xf8
0x1409aaba0	0x1409abd40	IDENTICAL-WHOLE	1.000	28	MENU_MEMBER_FUNC_JOB_RUN_RVA	BOTH-ENTRIES	PDATA:0x67/0x67
0x1409aac10	0x1409abdb0	IDENTICAL-WHOLE	1.000	152	TITLE_TOP_DIALOG_UPDATE_RVA	BOTH-ENTRIES	PDATA:0x252/0x252
0x1409ac760	0x1409ad9b0	IDENTICAL-WHOLE	1.000	268	CAP_LOAD_ACTIVATE2_RVA	BOTH-ENTRIES	PDATA:0x414/0x414
0x1409ac760	0x1409ad9b0	IDENTICAL-WHOLE	1.000	268	crates/er-reload-trace/src/lib.rs:852	BOTH-ENTRIES	PDATA:0x414/0x414
0x1409b24e0	0x1409b3730	IDENTICAL-WHOLE	1.000	522	TITLE_TOP_DIALOG_OPEN_MENU_RVA	BOTH-ENTRIES	PDATA:0x7fb/0x7fb
0x1409b2db0	0x1409b4000	IDENTICAL-WHOLE	1.000	30	PROFILE_RENDERER_TEARDOWN_RVA	BOTH-ENTRIES	PDATA:0x7f/0x7f
0x1409b2f00	0x1409b4150	IDENTICAL-WHOLE	1.000	75	TITLE_TOP_START_LOGIN_RVA	BOTH-ENTRIES	PDATA:0x169/0x169
0x1409b3070	0x1409b42c0	IDENTICAL-WHOLE	1.000	265	TITLE_CONTINUE_LOAD_DISPATCHER_RVA	BOTH-ENTRIES	PDATA:0x3df/0x3df
0x1409b49f0	0x1409b5c40	IDENTICAL-WHOLE	1.000	313	POLICY_TOS_SELECTOR_CTOR_RVA	BOTH-ENTRIES	PDATA:0x4cf/0x4cf
0x1409b5970	0x1409b6bc0	IDENTICAL-WHOLE	1.000	246	POLICY_TOS_TITLE_CTOR_RVA	BOTH-ENTRIES	PDATA:0x42f/0x42f
0x1409b6070	0x1409b72c0	IDENTICAL-WHOLE	1.000	55	POLICY_TOS_TITLE_CTOR_WRAPPER_RVA	BOTH-ENTRIES	PDATA:0xc4/0xc4
0x1409b6140	0x1409b7390	IDENTICAL-WHOLE	1.000	50	POLICY_TOS_SELECTOR_WRAPPER_RVA	BOTH-ENTRIES	PDATA:0xce/0xce
0x1409b6b30	0x1409b7d80	IDENTICAL-WHOLE	1.000	241	POLICY_TOS_FLAG_SETTER_RVA	BOTH-ENTRIES	PDATA:0x3d2/0x3d2
0x1409b72b0	0x1409b8500	IDENTICAL-WHOLE	1.000	16	POLICY_TOS_STATUS_PREDICATE_RVA	BOTH-ENTRIES	PDATA:0x2e/0x2e
0x140aebdc0	0x140aed0d0	IDENTICAL-WHOLE	1.000	114	REQUEST_MOVE_MAP_RVA	BOTH-ENTRIES	PDATA:0x1cb/0x1cb
0x140aec050	0x140aed360	IDENTICAL-WHOLE	1.000	46	MMS_STEP_FINISH_RVA	BOTH-ENTRIES	PDATA:0xc4/0xc4
0x140aec120	0x140aed430	IDENTICAL-WHOLE	1.000	255	MMS_STEP_INIT_RVA	BOTH-ENTRIES	PDATA:0x447/0x447
0x140aec570	0x140aed880	IDENTICAL-WHOLE	1.000	46	STEP_MOVEMAP_LOADLIST_INIT_RVA	BOTH-ENTRIES	PDATA:0xef/0xef
0x140aec720	0x140aeda30	IDENTICAL-WHOLE	1.000	297	INGAMESTEP_STEP_MOVEMAP_UPDATE_RVA	BOTH-ENTRIES	PDATA:0x4e4/0x4e4
0x140aecc10	0x140aedf20	IDENTICAL-WHOLE	1.000	275	STEP_REQUEST_WAIT_RVA	BOTH-ENTRIES	PDATA:0x52a/0x52a
0x140aed380	0x140aee690	IDENTICAL-WHOLE	1.000	275	COMMON_FINALIZE_RVA	BOTH-ENTRIES	PDATA:0x49d/0x49d
0x140aed820	0x140aeeb30	IDENTICAL-WHOLE	1.000	384	REQUEST_SUBMIT_RVA	BOTH-ENTRIES	PDATA:0x667/0x667
0x140af1800	0x140af2b10	IDENTICAL-WHOLE	1.000	90	STEP_LOADLIST_WAIT_RVA	BOTH-ENTRIES	PDATA:0x1a8/0x1a8
0x140af5a20	0x140af6d30	IDENTICAL-WHOLE	1.000	464	STEP_MOVEMAP_FINISH_RVA	BOTH-ENTRIES	PDATA:0x87c/0x87c
0x140af7cf0	0x140af9000	PATCH-SITE-IDENTICAL	0.999	973	MOVEMAPSTEP_STEP_MOVEMAP_RVA	BOTH-ENTRIES	PDATA:0x120b/0x1213+8
0x140af9cf0	0x140afb010	IDENTICAL-WHOLE	1.000	36	STEP_WORLDRESWAIT_RVA	BOTH-ENTRIES	PDATA:0x90/0x90
0x140afa6d0	0x140afb9f0	IDENTICAL-WHOLE	1.000	972	crates/er-reload-trace/src/lib.rs:926	BOTH-ENTRIES	PDATA:0x11b0/0x11b0
0x140afb880	0x140afcba0	IDENTICAL-WHOLE	1.000	142	B80_DISPATCHER2_RVA	BOTH-ENTRIES	PDATA:0x241/0x241
0x140afb880	0x140afcba0	IDENTICAL-WHOLE	1.000	142	MOVEMAP_DISPATCHER_RVA	BOTH-ENTRIES	PDATA:0x241/0x241
0x140afb880	0x140afcba0	IDENTICAL-WHOLE	1.000	142	crates/er-reload-trace/src/lib.rs:816	BOTH-ENTRIES	PDATA:0x241/0x241
0x140afbad0	0x140afcdf0	IDENTICAL-WHOLE	1.000	127	B80_DISPATCHER1_RVA	BOTH-ENTRIES	PDATA:0x25c/0x25c
0x140afbad0	0x140afcdf0	IDENTICAL-WHOLE	1.000	127	crates/er-reload-trace/src/lib.rs:822	BOTH-ENTRIES	PDATA:0x25c/0x25c
0x140afc160	0x140afd480	IDENTICAL-WHOLE	1.000	624	MOVE_MAP_STEP_UPDATE_PLAYER_INFO_RVA	BOTH-ENTRIES	PDATA:0x9c0/0x9c0
0x140aff640	0x140b00ad0	IDENTICAL-WHOLE	1.000	183	MOVEMAPSTEP_UPDATE_RVA	BOTH-ENTRIES	PDATA:0x364/0x364
0x140b0a1f0	0x140b0b890	IDENTICAL-WHOLE	1.000	125	INGAMEINIT_HANDLER_RVA	BOTH-ENTRIES	PDATA:0x239/0x239
0x140b0a980	0x140b0c020	IDENTICAL-WHOLE	1.000	61	WORLD_WORKER_BUILD_RVA	BOTH-ENTRIES	PDATA:0x109/0x109
0x140b0c2a0	0x140b0d940	IDENTICAL-WHOLE	1.000	165	SPLASH_SKIP_FN_RVA	BOTH-ENTRIES	PDATA:0x294/0x294
0x140b0d400	0x140b0eaa0	IDENTICAL-WHOLE	1.000	68	TITLE_MENU_JOB_WAIT_RVA	BOTH-ENTRIES	PDATA:0x149/0x149
0x140b0d960	0x140b0f000	IDENTICAL-WHOLE	1.000	61	CAP_SETSTATE_RVA	BOTH-ENTRIES	PDATA:0x109/0x109
0x140b0d960	0x140b0f000	IDENTICAL-WHOLE	1.000	61	TITLE_SET_STATE_RVA	BOTH-ENTRIES	PDATA:0x109/0x109
0x140b0d960	0x140b0f000	IDENTICAL-WHOLE	1.000	61	crates/er-reload-trace/src/lib.rs:840	BOTH-ENTRIES	PDATA:0x109/0x109
0x140b0e180	0x140b0f820	IDENTICAL-WHOLE	1.000	27	CONTINUE_CONFIRM_RVA	BOTH-ENTRIES	PDATA:0x70/0x70
0x140b0e180	0x140b0f820	IDENTICAL-WHOLE	1.000	27	crates/er-reload-trace/src/lib.rs:786	BOTH-ENTRIES	PDATA:0x70/0x70
0x140b83680	0x140b84d30	IDENTICAL-WHOLE	1.000	55	CREATE_TPF_RESCAP_RVA	BOTH-ENTRIES	PDATA:0xcb/0xcb
0x140bba210	0x140bbb8c0	IDENTICAL-WHOLE	1.000	70	PROFILE_ANIM_BIND_RVA	BOTH-ENTRIES	PDATA:0x128/0x128
0x140bba6e0	0x140bbbd90	IDENTICAL-WHOLE	1.000	19	PROFILE_PER_FRAME_PUSH_RVA	BOTH-ENTRIES	PDATA:0x48/0x48
0x140bba730	0x140bbbde0	IDENTICAL-WHOLE	1.000	123	PROFILE_MODEL_UPDATE_TASK_RVA	BOTH-ENTRIES	PDATA:0x266/0x266
0x140bbbd90	0x140bbd440	IDENTICAL-WHOLE	1.000	48	(refused at runtime 0xbbbd90)	BOTH-ENTRIES	PDATA:0xfd/0xfd
0x140bbe1a0	0x140bbf870	IDENTICAL-WHOLE	1.000	119	PROFILE_RENDERER_SET_MODEL_SOURCE_RVA	BOTH-ENTRIES	PDATA:0x1d9/0x1d9
0x140bbe390	0x140bbfa60	IDENTICAL-WHOLE	1.000	295	PROFILE_CAM_BUILD_MATRIX_RVA	BOTH-ENTRIES	PDATA:0x4c2/0x4c2
0x140bdd570	0x140bdec40	IDENTICAL-WHOLE	1.000	172	REFINE_START_RVA	BOTH-ENTRIES	PDATA:0x2cb/0x2cb
0x140bddfe0	0x140bdf6b0	IDENTICAL-WHOLE	1.000	77	RESOLVE_POINT_RVA	BOTH-ENTRIES	PDATA:0x126/0x126
0x140bdec90	0x140be0360	IDENTICAL-WHOLE	1.000	70	REQUEST_RVA	BOTH-ENTRIES	PDATA:0x104/0x104
0x140bdf610	0x140be0ce0	IDENTICAL-WHOLE	1.000	116	FETCH_RVA	BOTH-ENTRIES	PDATA:0x1a5/0x1a5
0x140bdfde0	0x140be14b0	IDENTICAL-WHOLE	1.000	50	IS_READY_RVA	BOTH-ENTRIES	PDATA:0xb3/0xb3
0x140be4880	0x140be5f50	IDENTICAL-WHOLE	1.000	49	CONTAINER_INIT_RVA	BOTH-ENTRIES	PDATA:0xab/0xab
0x140c575e0	0x140c58cb0	IDENTICAL-WHOLE	1.000	57	FREELIST_SHUTDOWN_ASSERT_FN_RVA	BOTH-ENTRIES	PDATA:0xce/0xce
0x140cab230	0x140cac900	IDENTICAL-WHOLE	1.000	44	ONLINE_PREDICATE_DISABLE_RVA	BOTH-ENTRIES	PDATA:0x85/0x85
0x140cafc30	0x140cb1300	IDENTICAL-WHOLE	1.000	55	SETUP_MAP_REENTRY_RVA	BOTH-ENTRIES	PDATA:0xc4/0xc4
0x140cf9500	0x140cfabd0	IDENTICAL-WHOLE	1.000	57	CS_MSB_POINT_DTOR_RVA	BOTH-ENTRIES	PDATA:0xd5/0xd5
0x140cfae60	0x140cfc530	IDENTICAL-WHOLE	1.000	30	CS_MSB_POINT_GET_ANGLE_RVA	BOTH-ENTRIES	PDATA:0x7e/0x7e
0x140cfaff0	0x140cfc6c0	IDENTICAL-WHOLE	1.000	30	CS_MSB_POINT_COMPUTE_POSITION_RVA	BOTH-ENTRIES	PDATA:0x7e/0x7e
0x140d0fda0	0x140d11470	IDENTICAL-WHOLE	1.000	38	GET_ACCESSORY_NAME_RVA	BOTH-ENTRIES	PDATA:0x7f/0x7f
0x140d0ff70	0x140d11640	IDENTICAL-WHOLE	1.000	31	GET_ARTS_NAME_RVA	BOTH-ENTRIES	PDATA:0x69/0x69
0x140d103d0	0x140d11aa0	IDENTICAL-WHOLE	1.000	27	GET_GEM_NAME_RVA	BOTH-ENTRIES	PDATA:0x58/0x58
0x140d10600	0x140d11cd0	IDENTICAL-WHOLE	1.000	38	GET_GOODS_NAME_RVA	BOTH-ENTRIES	PDATA:0x7f/0x7f
0x140d10b60	0x140d12230	IDENTICAL-WHOLE	1.000	38	PLACE_NAME_LOOKUP_RVA	BOTH-ENTRIES	PDATA:0x7f/0x7f
0x140d10d90	0x140d12460	IDENTICAL-WHOLE	1.000	34	GET_PROTECTOR_NAME_RVA	BOTH-ENTRIES	PDATA:0x6e/0x6e
0x140d11370	0x140d12a40	IDENTICAL-WHOLE	1.000	34	GET_WEAPON_NAME_RVA	BOTH-ENTRIES	PDATA:0x6e/0x6e
0x140d25c30	0x140d27340	IDENTICAL-WHOLE	1.000	108	crates/er-invasion-warp/src/map_seams.rs:153	BOTH-ENTRIES	PDATA:0x191/0x191
0x140d3d5f0	0x140d3ed40	IDENTICAL-WHOLE	1.000	101	LOAD_BALANCER_PARAM_RVA	BOTH-ENTRIES	PDATA:0x186/0x186
0x140d3ed90	0x140d404e0	IDENTICAL-WHOLE	1.000	105	MENU_OFFSCR_REND_PARAM_LOOKUP_RVA	BOTH-ENTRIES	PDATA:0x199/0x199
0x140d50cc0	0x140d52a00	BYTE-IDENTICAL	1.000	31	LOOKUP_SWORD_ARTS_PARAM_RVA	BOTH-ENTRIES	PDATA:0x1f/0x1f
0x140d697d0	0x140d6b510	IDENTICAL-WHOLE	1.000	88	LOADING_BG_REPLACE_BIND_RVA	BOTH-ENTRIES	PDATA:0x13b/0x13b
0x140d78630	0x140d7a370	IDENTICAL-WHOLE	1.000	60	TITLE_MENU_RESOURCE_ACQUIRE_RVA	BOTH-ENTRIES	PDATA:0xe7/0xe7
0x140d7f850	0x140d81590	IDENTICAL-WHOLE	1.000	25	CSSCALEFORMVALUE_DTOR_RVA	BOTH-ENTRIES	PDATA:0x50/0x50
0x140d7f850	0x140d81590	IDENTICAL-WHOLE	1.000	25	MENU_WINDOW_ROOT_PROXY_SCRATCH_DTOR_RVA	BOTH-ENTRIES	PDATA:0x50/0x50
0x140d7f850	0x140d81590	IDENTICAL-WHOLE	1.000	25	SCALEFORM_VALUE_DTOR_RVA	BOTH-ENTRIES	PDATA:0x50/0x50
0x140d81970	0x140d836b0	IDENTICAL-WHOLE	1.000	44	PROXY_GLOBAL_RECT_RVA	BOTH-ENTRIES	PDATA:0xb8/0xb8
0x140d81fb0	0x140d83cf0	IDENTICAL-WHOLE	1.000	40	PROXY_LOCAL_RECT_RVA	BOTH-ENTRIES	PDATA:0x95/0x95
0x140d82570	0x140d842b0	BYTE-IDENTICAL	1.000	73	TITLE_LOGO_GFX_CURRENT_FRAME_RVA	BOTH-ENTRIES	PDATA:0x49/0x49
0x140d83e20	0x140d85b60	IDENTICAL-WHOLE	1.000	79	TITLE_GFX_VALUE_SET_POSITION_RVA	BOTH-ENTRIES	PDATA:0x14c/0x14c
0x140d84090	0x140d85dd0	IDENTICAL-WHOLE	1.000	62	TITLE_GFX_VALUE_SET_SCALE_RVA	BOTH-ENTRIES	PDATA:0x11b/0x11b
0x140d844d0	0x140d86210	IDENTICAL-WHOLE	1.000	59	TITLE_GFX_VALUE_SET_VISIBLE_RVA	BOTH-ENTRIES	PDATA:0x101/0x101
0x140d95280	0x140d96fc0	IDENTICAL-WHOLE	1.000	91	SPAWN_FFX_INSTANCE_RVA	BOTH-ENTRIES	PDATA:0x170/0x170
0x140e05fb0	0x140e07db0	IDENTICAL-WHOLE	1.000	102	DLC_ROOTS_REFILL_RVA	BOTH-ENTRIES	PDATA:0x190/0x190
0x140e06490	0x140e08290	IDENTICAL-WHOLE	1.000	71	DLC_ROOTS_BLANK_RVA	BOTH-ENTRIES	PDATA:0x16f/0x16f
0x140e0e680	0x140e10480	IDENTICAL-WHOLE	1.000	80	SAVE_DIR_BUILDER_RVA	BOTH-ENTRIES	PDATA:0x15d/0x15d
0x140e56310	0x140e58110	IDENTICAL-WHOLE	1.000	71	MENU_ONLINE_MODE_DISABLE_RVA	BOTH-ENTRIES	PDATA:0x14e/0x14e
0x140e6e430	0x140e70230	IDENTICAL-WHOLE	1.000	127	SL_POLL_SAVE_STATUS_RVA	BOTH-ENTRIES	PDATA:0x284/0x284
0x140e6e8d0	0x140e706d0	IDENTICAL-WHOLE	1.000	174	IODEV_MOUNT_OPEN_RVA	BOTH-ENTRIES	PDATA:0x2b0/0x2b0
0x140e6f200	0x140e71000	IDENTICAL-WHOLE	1.000	72	SL_RELEASE_REQUEST_RVA	BOTH-ENTRIES	PDATA:0x139/0x139
0x140e6fb50	0x140e71950	IDENTICAL-WHOLE	1.000	59	SL_ENQUEUE_SAVE_JOB_RVA	BOTH-ENTRIES	PDATA:0xe2/0xe2
0x140e70920	0x140e72720	IDENTICAL-WHOLE	1.000	16	SOFTWARE_KEYBOARD_VALIDATOR_INIT_RVA	BOTH-ENTRIES	PDATA:0x3c/0x3c
0x140e70960	0x140e72760	IDENTICAL-WHOLE	1.000	29	SOFTWARE_KEYBOARD_VALIDATOR_DTOR_RVA	BOTH-ENTRIES	PDATA:0x5b/0x5b
0x140e709f0	0x140e727f0	IDENTICAL-WHOLE	1.000	134	SOFTWARE_KEYBOARD_SET_INITIAL_RVA	BOTH-ENTRIES	PDATA:0x206/0x206
0x140e70c00	0x140e72a00	IDENTICAL-WHOLE	1.000	91	SOFTWARE_KEYBOARD_ENTER_NAME_RVA	BOTH-ENTRIES	PDATA:0x17c/0x17c
0x140e77490	0x140e79290	IDENTICAL-WHOLE	1.000	25	DELAY_DELETE_ENQUEUE_RVA	BOTH-ENTRIES	PDATA:0x5c/0x5c
0x140e8d590	0x140e8f390	IDENTICAL-WHOLE	1.000	10	STEAM_ID64_GETTER_RVA	BOTH-ENTRIES	PDATA:0x27/0x27
0x140eb54c0	0x140eb72c0	IDENTICAL-WHOLE	1.000	27	EZ_CHILDSTEP_RESET_RVA	BOTH-ENTRIES	PDATA:0x6f/0x6f
0x140eb5530	0x140eb7330	BYTE-IDENTICAL	1.000	51	CHILD_DONE_QUERY_RVA	BOTH-ENTRIES	PDATA:0x33/0x33
0x140eb5530	0x140eb7330	BYTE-IDENTICAL	1.000	51	MOVEMAP_CHILD_FINISHED_POLL_RVA	BOTH-ENTRIES	PDATA:0x33/0x33
0x140eb5570	0x140eb7370	BYTE-IDENTICAL	1.000	44	EZ_CHILDSTEP_REQUEST_FINISH_RVA	BOTH-ENTRIES	PDATA:0x2c/0x2c
0x140ec9530	0x140ecb330	IDENTICAL-WHOLE	1.000	110	SCALEFORM_DESC_ADVANCE_RVA	BOTH-ENTRIES	PDATA:0x18b/0x18b
0x141140ec0	0x141142cc0	IDENTICAL-WHOLE	1.000	42	SCALEFORM_DLSTRING_CHAR_COPY_RVA	BOTH-ENTRIES	PDATA:0x9f/0x9f
0x14114bf10	0x14114dd10	IDENTICAL-WHOLE	1.000	1111	GFX_TEXT_DOC_REFLOW_RVA	BOTH-ENTRIES	PDATA:0x119c/0x119c
0x14116a910	0x14116c710	IDENTICAL-WHOLE	1.000	97	TITLE_SCALEFORM_RESOURCE_CTOR_RVA	BOTH-ENTRIES	PDATA:0x1a2/0x1a2
0x141198e50	0x14119ac50	BYTE-IDENTICAL	1.000	179	GFX_TEXT_FIELD_SET_SELECTION_RVA	BOTH-ENTRIES	PDATA:0xb3/0xb3
0x1411a8900	0x1411aa700	IDENTICAL-WHOLE	1.000	54	SCALEFORM_HANDLER_DTOR_RVA	BOTH-ENTRIES	PDATA:0xe5/0xe5
0x1411ced80	0x1411d0b80	IDENTICAL-WHOLE	1.000	43	TITLE_SCALEFORM_FILE_OPEN_RVA	BOTH-ENTRIES	PDATA:0x96/0x96
0x141653350	0x141655150	IDENTICAL-WHOLE	1.000	115	UPDATE_BONE_MODEL_SPACE_RVA	BOTH-ENTRIES	PDATA:0x1b6/0x1b6
0x1419e0e10	0x1419e2c10	BYTE-IDENTICAL	1.000	163	GX_CLEAR_RTV_WRAPPER_RVA	BOTH-ENTRIES	PDATA:0xa3/0xa3
0x1419e5830	0x1419e7630	BYTE-IDENTICAL	1.000	190	GX_FRAME_CTX_POP_RVA	BOTH-ENTRIES	PDATA:0xbe/0xbe
0x1419eaa20	0x1419ec820	BYTE-IDENTICAL	1.000	110	GX_FRAME_CTX_RELEASE_RVA	BOTH-ENTRIES	PDATA:0x6e/0x6e
0x141aeae60	0x141aecc60	BYTE-IDENTICAL	1.000	223	GX_RESERVE_CMD_QUEUE_SLOT_RVA	BOTH-ENTRIES	PDATA:0xdf/0xdf
0x141b3bda0	0x141b3dba0	IDENTICAL-WHOLE	1.000	101	GX_CMD_PUMP_RVA	BOTH-ENTRIES	PDATA:0x17c/0x17c
0x141eb97a0	0x141ebb5a0	BYTE-IDENTICAL	1.000	29	ASSERT_WRAPPER_RVA	BOTH-ENTRIES	PDATA:0x1d/0x1d
0x141eba960	0x141ebc760	BYTE-IDENTICAL	1.000	18	SAVE_DIR_ALLOC_GETTER_RVA	BOTH-ENTRIES	PDATA:0x12/0x12
0x141f6bad0	0x141f6d8d0	IDENTICAL-WHOLE	1.000	616	FD4_PAD_DEVICE_POLL_RVA	BOTH-ENTRIES	PDATA:0xb5f/0xb5f
0x1420b5c40	0x1420b7a40	IDENTICAL-WHOLE	1.000	23	CTRL_UNLINK_RVA	BOTH-ENTRIES	PDATA:0x5c/0x5c
0x1420b6370	0x1420b8170	BYTE-IDENTICAL	1.000	66	CTRL_IS_ALIVE_RVA	BOTH-ENTRIES	PDATA:0x42/0x42
0x1420b63c0	0x1420b81c0	BYTE-IDENTICAL	1.000	62	CTRL_FINALISE_RVA	BOTH-ENTRIES	PDATA:0x3e/0x3e
0x1420b6ac0	0x1420b88c0	BYTE-IDENTICAL	1.000	96	CTRL_PUSH_PARAMS_RVA	BOTH-ENTRIES	PDATA:0x60/0x60
0x14223a130	0x14223c8c0	IDENTICAL-WHOLE	1.000	98	SOUND_POST_EVENT_CORE_RVA	BOTH-ENTRIES	PDATA:0x167/0x167
0x1423f1bf0	0x1423f4400	IDENTICAL-WHOLE	1.000	56	SESSION_MANAGER_PLAYER_ENTRY_BASE_COPY_RVA	BOTH-ENTRIES	PDATA:0xde/0xde
0x14240a1f0	0x14240ca00	BYTE-IDENTICAL	1.000	85	STATE_INDEX_GETTER_RVA	BOTH-ENTRIES	PDATA:0x55/0x55
0x14240a2a0	0x14240cab0	BYTE-IDENTICAL	1.000	84	SAVE_DIR_SETTER_RVA	BOTH-ENTRIES	PDATA:0x54/0x54
0x14240c270	0x14240ea80	IDENTICAL-WHOLE	1.000	72	SAVE_DIR_SLOT_LOOKUP_RVA	BOTH-ENTRIES	PDATA:0x104/0x104
0x14240f490	0x142411ca0	IDENTICAL-WHOLE	1.000	90	USERINDEX_FORCE_RVA	BOTH-ENTRIES	PDATA:0x173/0x173
0x14240fd70	0x142412580	IDENTICAL-WHOLE	1.000	710	SL_SAVE_JOB_BODY_RVA	BOTH-ENTRIES	PDATA:0xab9/0xab9
0x1424129b0	0x1424151c0	IDENTICAL-WHOLE	1.000	82	SIGNIN_FORCE_RVA	BOTH-ENTRIES	PDATA:0x162/0x162
0x142413860	0x142416070	IDENTICAL-WHOLE	1.000	657	SAVE_WRITE_FULL_REBUILD_RVA	BOTH-ENTRIES	PDATA:0xa23/0xa23
0x1424142e0	0x142416af0	IDENTICAL-WHOLE	1.000	251	SAVE_WRITE_IN_PLACE_RVA	BOTH-ENTRIES	PDATA:0x3e2/0x3e2
0x14251c480	0x14251ec90	IDENTICAL-WHOLE	1.000	17	PURECALL_RVA	BOTH-ENTRIES	PDATA:0x3a/0x3a
0x14269d7b0	0x14269ffc0	IDENTICAL-WHOLE	1.000	88	CSFILE_ENQUEUE_RVA	BOTH-ENTRIES	PDATA:0x144/0x144
0x1400abc20	0x1400abc20	IDENTICAL-WHOLE	1.000	12	unmapped	BOTH-ENTRIES	PDATA:0x37/0x37
0x1401f2b20	0x1401f2b20	IDENTICAL-WHOLE	1.000	71	unmapped	BOTH-ENTRIES	PDATA:0x11b/0x11b
0x140225f60	0x140225f60	IDENTICAL-WHOLE	1.000	36	unmapped	BOTH-ENTRIES	PDATA:0xa3/0xa3
0x140247b30	0x140247b30	IDENTICAL-LEAF	1.000	2	unmapped	NEITHER-ENTRY	LEAF:0x8/0x8
0x14024a1a0	0x14024a1a0	IDENTICAL-LEAF	1.000	1	unmapped	NEITHER-ENTRY	LEAF:0x5/0x5
0x140252160	0x140252130	IDENTICAL-LEAF	1.000	13	unmapped	NEITHER-ENTRY	LEAF:0x2c/0x2c
0x14025f8e0	0x14025f8f0	IDENTICAL-LEAF	1.000	2	unmapped	NEITHER-ENTRY	LEAF:0xc/0xc
0x140679340	0x14067a190	IDENTICAL-LEAF	1.000	5	unmapped	NEITHER-ENTRY	LEAF:0x10/0x10
0x14067a050	0x14067aea0	IDENTICAL-LEAF	1.000	3	unmapped	NEITHER-ENTRY	LEAF:0xf/0xf
0x14071fd60	0x140720bb0	IDENTICAL-LEAF	1.000	11	unmapped	NEITHER-ENTRY	LEAF:0x23/0x23
0x140720210	0x140721060	IDENTICAL-LEAF	1.000	3	unmapped	NEITHER-ENTRY	LEAF:0x7/0x7
0x140786810	0x140787690	IDENTICAL-WHOLE	1.000	20	unmapped	BOTH-ENTRIES	PDATA:0x5d/0x5d
0x14082dbf0	0x14082ebe0	BYTE-IDENTICAL	1.000	63	unmapped	BOTH-ENTRIES	PDATA:0x3f/0x3f
0x14090a0a0	0x14090b240	IDENTICAL-LEAF	1.000	4	unmapped	NEITHER-ENTRY	LEAF:0x17/0x17
0x14090a0c0	0x14090b260	IDENTICAL-LEAF	1.000	4	unmapped	NEITHER-ENTRY	LEAF:0x17/0x17
0x14093bab0	0x14093cc50	IDENTICAL-WHOLE	1.000	48	unmapped	BOTH-ENTRIES	PDATA:0xd2/0xd2
0x1409a62a0	0x1409a7440	IDENTICAL-LEAF	1.000	3	unmapped	NEITHER-ENTRY	LEAF:0x13/0x13
0x140a9cca0	0x140a9dfa0	IDENTICAL-LEAF	1.000	5	unmapped	NEITHER-ENTRY	LEAF:0x10/0x10
0x140bb8ca0	0x140bba350	IDENTICAL-LEAF	1.000	2	unmapped	NEITHER-ENTRY	LEAF:0xc/0xc
0x140bba460	0x140bbbb10	IDENTICAL-LEAF	1.000	2	unmapped	NEITHER-ENTRY	LEAF:0xc/0xc
0x141aeaf40	0x141aecd40	BYTE-IDENTICAL	1.000	102	unmapped	BOTH-ENTRIES	PDATA:0x66/0x66
